<?xml version="1.0" encoding="UTF-8"?>
<project-private xmlns="http://www.netbeans.org/ns/project-private/1">
    <editor-bookmarks xmlns="http://www.netbeans.org/ns/editor-bookmarks/2" lastBookmarkId="0"/>
    <open-files xmlns="http://www.netbeans.org/ns/projectui-open-files/2">
        <group>
            <file>file:/home/francisco/Documents/GitHub/Lab01/GUI/src/main/java/com/mycompany/paplicaciones/persistencia/ControladoraPersistencia.java</file>
            <file>file:/home/francisco/Documents/GitHub/Lab01/GUI/src/main/java/logica/Controller.java</file>
            <file>file:/home/francisco/Documents/GitHub/Lab01/GUI/src/main/java/logica/IController.java</file>
            <file>file:/home/francisco/Documents/GitHub/Lab01/GUI/src/DataTypes/DTCompra.java</file>
            <file>file:/home/francisco/Documents/GitHub/Lab01/GUI/src/main/java/logica/Compra.java</file>
            <file>file:/home/francisco/Documents/GitHub/Lab01/GUI/src/main/java/logica/Usuario.java</file>
        </group>
    </open-files>
</project-private>
